{"cameraMode":{"drawMode":0,"name":"Shaded","section":"Shading Mode"},"sceneLighting":true,"audioPlay":false,"sceneViewState":{"showFog":true,"showMaterialUpdate":true,"showSkybox":true,"showFlares":true,"showImageEffects":true,"showParticleSystems":true},"in2DMode":false,"pivot":{"x":-13.689339637756348,"y":-8.049853324890137,"z":24.59538459777832},"rotation":{"x":-0.048734743148088458,"y":0.8904551863670349,"z":-0.09815995395183563,"w":-0.4417366683483124},"size":72.93917083740235,"orthographic":false}