{"cameraMode":{"drawMode":0,"name":"Shaded","section":"Shading Mode"},"sceneLighting":true,"audioPlay":false,"sceneViewState":{"m_AlwaysRefresh":true,"showFog":true,"showSkybox":true,"showFlares":true,"showImageEffects":true,"showParticleSystems":true,"showVisualEffectGraphs":true,"m_FxEnabled":true},"in2DMode":false,"pivot":{"x":-1.1563618183135987,"y":0.7564349174499512,"z":-0.19254779815673829},"rotation":{"x":0.0647372454404831,"y":0.35622575879096987,"z":-0.02461070381104946,"w":0.9318662881851196},"size":11.345043182373047,"orthographic":false}